runtime,l1_error,l2_error,rel_error
1.643885567665100098e+03,1.097478531301021576e-02,1.937091728905215859e-04,1.442731469869613647e-01
