runtime,l1_error,l2_error,rel_error
6.699623494148254395e+02,2.137042768299579620e-02,7.767935167066752911e-04,5.550879612565040588e-02
