runtime,l1_error,l2_error,rel_error
1.813796243190765381e+03,1.050369348376989365e-02,1.733527169562876225e-04,7.481616735458374023e-02
